{"stats":{"minecraft:used":{"minecraft:cooked_mutton":3,"minecraft:stone_sword":25,"minecraft:birch_planks":20,"minecraft:stone_pickaxe":74,"minecraft:wooden_pickaxe":11,"minecraft:iron_sword":42,"vanillaplustools:stone_hammer":131,"minecraft:salmon":1,"minecraft:dirt":7,"minecraft:sand":3,"minecraft:crafting_table":4,"minecraft:golden_sword":27,"minecraft:cobblestone":77,"minecraft:beef":2,"minecraft:furnace":2,"minecraft:oak_sapling":1,"tombstone:gift":1,"alexsmobs:animal_dictionary":6,"minecraft:cooked_beef":1},"minecraft:mined":{"minecraft:granite":45,"minecraft:grass_block":3,"minecraft:copper_ore":7,"minecraft:cobblestone":7,"luminousworld:blackberrybush":2,"minecraft:lapis_ore":2,"minecraft:diorite":2,"minecraft:furnace":2,"minecraft:birch_log":7,"minecraft:iron_ore":20,"minecraft:birch_leaves":1,"minecraft:andesite":67,"minecraft:grass":3,"minecraft:oak_log":18,"minecraft:coal_ore":11,"minecraft:sand":3,"minecraft:gravel":1,"minecraft:dirt":22,"minecraft:stone":980,"minecraft:oak_leaves":5,"minecraft:fern":1},"minecraft:dropped":{"minecraft:gravel":1,"naturalist:antler":1,"minecraft:wheat_seeds":2,"minecraft:stone_sword":1,"minecraft:feather":5,"minecraft:cobblestone":455,"minecraft:leather":1,"minecraft:granite":43,"minecraft:diorite":2,"minecraft:andesite":2,"minecraft:golden_sword":2,"minecraft:wooden_pickaxe":2},"minecraft:picked_up":{"minecraft:birch_log":6,"minecraft:feather":8,"minecraft:cooked_beef":1,"naturalist:venison":1,"minecraft:salmon":1,"minecraft:andesite":66,"minecraft:leather":1,"minecraft:wooden_pickaxe":1,"minecraft:oak_log":17,"minecraft:golden_sword":1,"minecraft:lapis_lazuli":13,"minecraft:string":2,"minecraft:dirt":28,"minecraft:raw_copper":29,"minecraft:bone":4,"minecraft:experience_bottle":1,"minecraft:wheat_seeds":2,"minecraft:beef":2,"ecologics:crab_claw":1,"minecraft:furnace":2,"minecraft:raw_iron":18,"born_in_chaos_v1:shattered_skull":1,"ecologics:coconut_slice":2,"minecraft:gravel":1,"minecraft:sand":3,"minecraft:diorite":2,"born_in_chaos_v1:pieceofdarkmetal":3,"minecraft:stone_sword":1,"naturalist:antler":2,"minecraft:granite":43,"minecraft:oak_sapling":1,"minecraft:mutton":8,"minecraft:coal":11,"minecraft:white_wool":6,"minecraft:cobblestone":923},"minecraft:broken":{"vanillaplustools:stone_hammer":1},"minecraft:custom":{"minecraft:interact_with_furnace":10,"minecraft:mob_kills":18,"minecraft:interact_with_crafting_table":12,"minecraft:damage_dealt_resisted":1870,"minecraft:leave_game":3,"minecraft:time_since_death":47057,"minecraft:time_since_rest":46884,"minecraft:sprint_one_cm":126712,"minecraft:damage_taken":811,"minecraft:walk_one_cm":78183,"minecraft:drop":22,"minecraft:damage_dealt":3746,"minecraft:swim_one_cm":22060,"minecraft:fly_one_cm":138034,"minecraft:open_chest":2,"tombstone:undead_killed":1,"minecraft:crouch_one_cm":7756,"minecraft:play_time":55695,"minecraft:deaths":2,"minecraft:sneak_time":3402,"minecraft:walk_under_water_one_cm":4359,"minecraft:jump":861,"minecraft:walk_on_water_one_cm":7702,"minecraft:total_world_time":55695,"minecraft:fall_one_cm":23313},"minecraft:killed":{"minecraft:salmon":1,"minecraft:spider":1,"alexsmobs:seagull":3,"luminousworld:crab":1,"minecraft:sheep":6,"naturalist:deer":1,"minecraft:bee":1,"born_in_chaos_v1:skeleton_thrasher":1,"ecologics:coconut_crab":1,"enemyexpansion:goblin":1,"minecraft:cow":1},"minecraft:crafted":{"minecraft:oak_planks":68,"vanillaplustools:stone_hammer":1,"minecraft:crafting_table":4,"minecraft:wooden_pickaxe":1,"minecraft:iron_sword":1,"minecraft:furnace":2,"minecraft:birch_planks":24,"minecraft:stone_axe":1,"minecraft:cooked_mutton":8,"minecraft:air":0,"minecraft:stick":28,"minecraft:iron_ingot":9,"minecraft:stone_pickaxe":10,"minecraft:stone_sword":1,"minecraft:iron_leggings":1}},"DataVersion":3465}