{"stats":{"minecraft:used":{"minecraft:birch_planks":15,"minecraft:wooden_pickaxe":8,"minecraft:salmon":1,"minecraft:golden_sword":27,"minecraft:sand":3,"minecraft:beef":2,"minecraft:crafting_table":1,"minecraft:oak_sapling":1,"tombstone:gift":1,"alexsmobs:animal_dictionary":5},"minecraft:mined":{"minecraft:birch_log":7,"minecraft:birch_leaves":1,"minecraft:oak_log":18,"minecraft:sand":3,"luminousworld:blackberrybush":1,"minecraft:stone":8,"minecraft:oak_leaves":4,"minecraft:fern":1},"minecraft:dropped":{"minecraft:wheat_seeds":2,"minecraft:feather":5,"minecraft:wooden_pickaxe":1},"minecraft:picked_up":{"minecraft:birch_log":6,"minecraft:feather":8,"minecraft:salmon":1,"minecraft:leather":1,"minecraft:wooden_pickaxe":1,"minecraft:sand":3,"minecraft:oak_log":17,"minecraft:dirt":3,"minecraft:wheat_seeds":2,"minecraft:beef":2,"minecraft:oak_sapling":1,"minecraft:cobblestone":8},"minecraft:custom":{"minecraft:time_since_rest":10884,"minecraft:sprint_one_cm":71036,"minecraft:damage_taken":685,"minecraft:walk_one_cm":20772,"minecraft:mob_kills":7,"minecraft:drop":4,"minecraft:damage_dealt":2116,"minecraft:swim_one_cm":19380,"minecraft:interact_with_crafting_table":3,"minecraft:fly_one_cm":83890,"minecraft:open_chest":2,"minecraft:crouch_one_cm":1340,"minecraft:play_time":19695,"minecraft:deaths":2,"minecraft:sneak_time":538,"minecraft:walk_under_water_one_cm":4060,"minecraft:jump":434,"minecraft:leave_game":3,"minecraft:walk_on_water_one_cm":6633,"minecraft:time_since_death":11057,"minecraft:total_world_time":19695,"minecraft:fall_one_cm":15197},"minecraft:crafted":{"minecraft:oak_planks":68,"minecraft:crafting_table":1,"minecraft:stick":12,"minecraft:wooden_pickaxe":1,"minecraft:stone_pickaxe":1,"minecraft:stone_sword":1,"minecraft:birch_planks":24,"minecraft:stone_axe":1},"minecraft:killed":{"luminousworld:crab":1,"minecraft:bee":1,"minecraft:salmon":1,"alexsmobs:seagull":3,"minecraft:cow":1}},"DataVersion":3465}