{"stats":{"minecraft:used":{"minecraft:salmon":1,"minecraft:golden_sword":21,"alexsmobs:animal_dictionary":2},"minecraft:mined":{"minecraft:sand":3,"luminousworld:blackberrybush":1,"minecraft:oak_leaves":1,"minecraft:fern":1},"minecraft:picked_up":{"minecraft:feather":5,"minecraft:salmon":1,"minecraft:wheat_seeds":2,"minecraft:sand":3},"minecraft:dropped":{"minecraft:feather":5,"minecraft:wheat_seeds":2},"minecraft:custom":{"minecraft:time_since_rest":470,"minecraft:crouch_one_cm":160,"minecraft:damage_taken":272,"minecraft:play_time":7695,"minecraft:sprint_one_cm":21548,"minecraft:deaths":1,"minecraft:walk_one_cm":5497,"minecraft:sneak_time":42,"minecraft:walk_under_water_one_cm":2993,"minecraft:mob_kills":5,"minecraft:drop":3,"minecraft:jump":203,"minecraft:damage_dealt":1698,"minecraft:leave_game":3,"minecraft:time_since_death":1882,"minecraft:walk_on_water_one_cm":3938,"minecraft:total_world_time":7695,"minecraft:swim_one_cm":15783,"minecraft:fall_one_cm":4934,"minecraft:fly_one_cm":42326,"minecraft:open_chest":1},"minecraft:killed":{"luminousworld:crab":1,"alexsmobs:seagull":2,"minecraft:bee":1,"minecraft:salmon":1}},"DataVersion":3465}