{"stats":{"minecraft:used":{"minecraft:stone_sword":25,"minecraft:flint_and_steel":1,"minecraft:iron_sword":75,"vanillaplustools:stone_hammer":131,"minecraft:dirt":30,"minecraft:lantern":1,"minecraft:stone_brick_stairs":1,"minecraft:stone_bricks":2,"minecraft:golden_sword":27,"minecraft:beef":2,"minecraft:oak_sapling":1,"minecraft:furnace":2,"tombstone:gift":1,"minecraft:skeleton_skull":1,"minecraft:cooked_beef":1,"minecraft:cooked_mutton":8,"minecraft:birch_planks":20,"minecraft:stone_pickaxe":99,"minecraft:wooden_pickaxe":11,"minecraft:salmon":1,"iceandfire:podium_spruce":1,"minecraft:sand":3,"minecraft:crafting_table":5,"minecraft:white_bed":1,"minecraft:bread":13,"minecraft:coal_block":2,"minecraft:cobblestone":155,"minecraft:porkchop":1,"minecraft:yellow_bed":1,"alexsmobs:animal_dictionary":6,"minecraft:oak_boat":1},"minecraft:mined":{"minecraft:granite":45,"minecraft:grass_block":4,"minecraft:coal_block":2,"luminousworld:blackberrybush":2,"minecraft:furnace":2,"minecraft:iron_ore":20,"minecraft:andesite":67,"iceandfire:gold_pile":6,"minecraft:stone":984,"iceandfire:podium_spruce":1,"minecraft:campfire":2,"minecraft:cobblestone":11,"minecraft:copper_ore":7,"minecraft:lapis_ore":2,"minecraft:diorite":2,"minecraft:skeleton_skull":1,"minecraft:black_stained_glass":3,"minecraft:birch_log":7,"minecraft:birch_leaves":1,"minecraft:yellow_bed":1,"minecraft:wither_rose":1,"minecraft:grass":5,"minecraft:coal_ore":11,"minecraft:oak_log":18,"iceandfire:silver_pile":3,"luminousworld:ishstone":6,"minecraft:dirt":23,"minecraft:gravel":1,"minecraft:sand":12,"minecraft:stone_bricks":2,"minecraft:oak_leaves":22,"minecraft:fern":1},"minecraft:dropped":{"naturalist:antler":1,"minecraft:wheat_seeds":2,"luminousworld:ishstone":5,"minecraft:feather":10,"minecraft:cobblestone":647,"minecraft:leather":1,"minecraft:granite":43,"minecraft:stick":3,"sophisticatedbackpacks:gold_backpack":1,"minecraft:diorite":2,"quark:black_shard":10,"minecraft:gravel":1,"minecraft:furnace":2,"minecraft:stone_sword":1,"minecraft:raw_copper":29,"minecraft:chiseled_stone_bricks":2,"minecraft:charcoal":4,"minecraft:andesite":2,"minecraft:oak_sapling":2,"iceandfire:bestiary":1,"minecraft:golden_sword":2,"minecraft:wooden_pickaxe":2},"minecraft:picked_up":{"sophisticatedbackpacks:gold_backpack":1,"minecraft:charcoal":4,"naturalist:venison":1,"minecraft:wooden_pickaxe":1,"minecraft:stone_brick_stairs":1,"minecraft:golden_sword":1,"minecraft:string":2,"minecraft:raw_copper":29,"minecraft:flint_and_steel":1,"minecraft:experience_bottle":1,"iceandfire:bestiary":2,"minecraft:gold_nugget":36,"minecraft:beef":2,"quark:black_shard":10,"minecraft:coal_block":2,"ecologics:crab_claw":1,"minecraft:furnace":2,"minecraft:stick":3,"minecraft:raw_iron":22,"born_in_chaos_v1:shattered_skull":1,"ecologics:coconut_slice":2,"minecraft:copper_ingot":2,"minecraft:porkchop":6,"tombstone:grave_dust":1,"minecraft:diorite":2,"born_in_chaos_v1:pieceofdarkmetal":3,"minecraft:stone_sword":1,"minecraft:mutton":18,"minecraft:white_wool":7,"minecraft:skeleton_skull":1,"minecraft:cobblestone":932,"minecraft:birch_log":6,"minecraft:feather":10,"minecraft:cooked_beef":1,"minecraft:andesite":66,"minecraft:salmon":1,"luminousworld:ishstone":5,"minecraft:leather":1,"minecraft:oak_log":17,"minecraft:yellow_bed":2,"minecraft:lapis_lazuli":13,"minecraft:dirt":30,"minecraft:lantern":1,"minecraft:bone":4,"minecraft:stone_bricks":2,"minecraft:wheat_seeds":2,"iceandfire:copper_nugget":4,"iceandfire:podium_spruce":1,"minecraft:chiseled_stone_bricks":2,"minecraft:gravel":1,"minecraft:sand":45,"iceandfire:stymphalian_bird_feather":5,"minecraft:white_bed":1,"naturalist:antler":2,"minecraft:granite":43,"minecraft:bread":15,"minecraft:oak_sapling":3,"minecraft:coal":12,"iceandfire:silver_nugget":8},"minecraft:broken":{"vanillaplustools:stone_hammer":1},"minecraft:killed_by":{"enemyexpansion:equestrian":1},"minecraft:custom":{"minecraft:mob_kills":26,"minecraft:interact_with_crafting_table":14,"minecraft:damage_dealt_resisted":1870,"minecraft:leave_game":4,"minecraft:time_since_death":362,"minecraft:climb_one_cm":2517,"minecraft:sprint_one_cm":288890,"minecraft:walk_one_cm":125091,"minecraft:drop":38,"minecraft:play_time":131335,"minecraft:deaths":3,"minecraft:sneak_time":4571,"minecraft:walk_under_water_one_cm":13272,"minecraft:boat_one_cm":114546,"minecraft:jump":1857,"minecraft:walk_on_water_one_cm":18878,"minecraft:total_world_time":131335,"minecraft:interact_with_furnace":10,"minecraft:sleep_in_bed":4,"minecraft:time_since_rest":1,"minecraft:damage_taken":1718,"minecraft:damage_dealt":4979,"minecraft:swim_one_cm":60022,"minecraft:fly_one_cm":391238,"minecraft:open_chest":7,"minecraft:crouch_one_cm":11814,"tombstone:undead_killed":2,"minecraft:fall_one_cm":50934},"minecraft:killed":{"minecraft:spider":1,"alexsmobs:seagull":4,"naturalist:tortoise":1,"iceandfire:stymphalian_bird":2,"naturalist:deer":1,"minecraft:bee":1,"born_in_chaos_v1:skeleton_thrasher":1,"ecologics:coconut_crab":1,"enemyexpansion:goblin":1,"minecraft:pig":2,"minecraft:salmon":1,"luminousworld:crab":1,"minecraft:sheep":7,"minecraft:zombie":1,"minecraft:cow":1},"minecraft:crafted":{"minecraft:oak_planks":68,"vanillaplustools:stone_hammer":1,"minecraft:furnace":2,"minecraft:cooked_mutton":8,"minecraft:stone_pickaxe":10,"minecraft:crafting_table":5,"minecraft:wooden_pickaxe":1,"minecraft:iron_sword":1,"minecraft:birch_planks":24,"minecraft:stone_axe":1,"minecraft:air":0,"minecraft:oak_boat":1,"iceandfire:bestiary":1,"minecraft:stick":28,"minecraft:iron_ingot":9,"minecraft:stone_sword":1,"minecraft:iron_leggings":1}},"DataVersion":3465}