{"stats":{"minecraft:used":{"minecraft:cooked_mutton":8,"minecraft:stone_sword":25,"minecraft:flint_and_steel":1,"minecraft:birch_planks":20,"minecraft:stone_pickaxe":87,"minecraft:wooden_pickaxe":11,"minecraft:iron_sword":60,"vanillaplustools:stone_hammer":131,"minecraft:salmon":1,"iceandfire:podium_spruce":1,"minecraft:dirt":7,"minecraft:sand":3,"minecraft:crafting_table":5,"minecraft:bread":3,"minecraft:golden_sword":27,"minecraft:cobblestone":131,"minecraft:beef":2,"minecraft:furnace":2,"minecraft:oak_sapling":1,"tombstone:gift":1,"minecraft:oak_boat":1,"alexsmobs:animal_dictionary":6,"minecraft:cooked_beef":1},"minecraft:mined":{"minecraft:granite":45,"minecraft:grass_block":3,"minecraft:campfire":2,"minecraft:copper_ore":7,"minecraft:cobblestone":7,"luminousworld:blackberrybush":2,"minecraft:lapis_ore":2,"minecraft:diorite":2,"minecraft:furnace":2,"minecraft:birch_log":7,"minecraft:iron_ore":20,"minecraft:birch_leaves":1,"minecraft:andesite":67,"iceandfire:silver_pile":3,"luminousworld:ishstone":6,"minecraft:grass":5,"minecraft:oak_log":18,"minecraft:coal_ore":11,"iceandfire:gold_pile":6,"minecraft:sand":8,"minecraft:gravel":1,"minecraft:dirt":22,"minecraft:stone":984,"iceandfire:podium_spruce":1,"minecraft:oak_leaves":22,"minecraft:fern":1},"minecraft:dropped":{"minecraft:gravel":1,"naturalist:antler":1,"minecraft:wheat_seeds":2,"minecraft:stone_sword":1,"minecraft:raw_copper":29,"minecraft:feather":5,"minecraft:cobblestone":583,"minecraft:leather":1,"minecraft:granite":43,"sophisticatedbackpacks:gold_backpack":1,"minecraft:stick":2,"minecraft:diorite":2,"minecraft:andesite":2,"minecraft:oak_sapling":2,"iceandfire:bestiary":1,"minecraft:golden_sword":2,"minecraft:wooden_pickaxe":2},"minecraft:picked_up":{"sophisticatedbackpacks:gold_backpack":1,"minecraft:birch_log":6,"minecraft:charcoal":4,"minecraft:feather":10,"minecraft:cooked_beef":1,"naturalist:venison":1,"minecraft:salmon":1,"minecraft:andesite":66,"luminousworld:ishstone":5,"minecraft:leather":1,"minecraft:wooden_pickaxe":1,"minecraft:oak_log":17,"minecraft:golden_sword":1,"minecraft:lapis_lazuli":13,"minecraft:string":2,"minecraft:dirt":28,"minecraft:flint_and_steel":1,"minecraft:raw_copper":29,"minecraft:bone":4,"minecraft:experience_bottle":1,"iceandfire:bestiary":2,"minecraft:wheat_seeds":2,"minecraft:gold_nugget":36,"minecraft:beef":2,"ecologics:crab_claw":1,"minecraft:furnace":2,"minecraft:stick":2,"minecraft:raw_iron":18,"born_in_chaos_v1:shattered_skull":1,"iceandfire:podium_spruce":1,"ecologics:coconut_slice":2,"minecraft:gravel":1,"minecraft:porkchop":6,"minecraft:sand":24,"tombstone:grave_dust":1,"minecraft:diorite":2,"born_in_chaos_v1:pieceofdarkmetal":3,"minecraft:stone_sword":1,"naturalist:antler":2,"minecraft:granite":43,"minecraft:bread":15,"minecraft:oak_sapling":3,"iceandfire:silver_nugget":8,"minecraft:mutton":18,"minecraft:coal":12,"minecraft:white_wool":7,"minecraft:cobblestone":928},"minecraft:broken":{"vanillaplustools:stone_hammer":1},"minecraft:custom":{"minecraft:interact_with_furnace":10,"minecraft:mob_kills":23,"minecraft:interact_with_crafting_table":14,"minecraft:damage_dealt_resisted":1870,"minecraft:leave_game":3,"minecraft:time_since_death":71057,"minecraft:sleep_in_bed":1,"minecraft:climb_one_cm":202,"minecraft:time_since_rest":8886,"minecraft:sprint_one_cm":226462,"minecraft:damage_taken":1024,"minecraft:walk_one_cm":103923,"minecraft:drop":30,"minecraft:damage_dealt":4248,"minecraft:swim_one_cm":47754,"minecraft:fly_one_cm":257191,"minecraft:open_chest":7,"tombstone:undead_killed":2,"minecraft:crouch_one_cm":10987,"minecraft:play_time":79695,"minecraft:deaths":2,"minecraft:sneak_time":4346,"minecraft:walk_under_water_one_cm":11310,"minecraft:boat_one_cm":114546,"minecraft:jump":1377,"minecraft:walk_on_water_one_cm":13868,"minecraft:total_world_time":79695,"minecraft:fall_one_cm":35323},"minecraft:killed":{"minecraft:pig":2,"minecraft:salmon":1,"minecraft:spider":1,"alexsmobs:seagull":4,"luminousworld:crab":1,"minecraft:sheep":7,"naturalist:deer":1,"minecraft:zombie":1,"minecraft:bee":1,"born_in_chaos_v1:skeleton_thrasher":1,"ecologics:coconut_crab":1,"enemyexpansion:goblin":1,"minecraft:cow":1},"minecraft:crafted":{"minecraft:oak_planks":68,"vanillaplustools:stone_hammer":1,"minecraft:crafting_table":5,"minecraft:wooden_pickaxe":1,"minecraft:iron_sword":1,"minecraft:furnace":2,"minecraft:birch_planks":24,"minecraft:stone_axe":1,"minecraft:cooked_mutton":8,"minecraft:air":0,"minecraft:oak_boat":1,"iceandfire:bestiary":1,"minecraft:stick":28,"minecraft:iron_ingot":9,"minecraft:stone_pickaxe":10,"minecraft:stone_sword":1,"minecraft:iron_leggings":1}},"DataVersion":3465}