{"stats":{"minecraft:used":{"minecraft:birch_planks":16,"minecraft:stone_pickaxe":26,"minecraft:wooden_pickaxe":11,"vanillaplustools:stone_hammer":103,"minecraft:salmon":1,"minecraft:golden_sword":27,"minecraft:dirt":2,"minecraft:sand":3,"minecraft:cobblestone":20,"minecraft:beef":2,"minecraft:crafting_table":2,"minecraft:oak_sapling":1,"tombstone:gift":1,"alexsmobs:animal_dictionary":5,"minecraft:cooked_beef":1},"minecraft:mined":{"minecraft:iron_ore":9,"minecraft:birch_log":7,"minecraft:andesite":38,"minecraft:birch_leaves":1,"minecraft:grass_block":1,"minecraft:oak_log":18,"minecraft:gravel":1,"minecraft:dirt":2,"minecraft:sand":3,"minecraft:copper_ore":7,"minecraft:cobblestone":7,"luminousworld:blackberrybush":1,"minecraft:stone":820,"minecraft:diorite":2,"minecraft:oak_leaves":4,"minecraft:fern":1},"minecraft:dropped":{"minecraft:wheat_seeds":2,"minecraft:feather":5,"minecraft:wooden_pickaxe":1},"minecraft:picked_up":{"minecraft:birch_log":6,"minecraft:raw_iron":9,"minecraft:cooked_beef":1,"minecraft:feather":8,"minecraft:andesite":37,"minecraft:salmon":1,"minecraft:leather":1,"minecraft:wooden_pickaxe":1,"minecraft:gravel":1,"minecraft:sand":3,"minecraft:oak_log":17,"minecraft:diorite":2,"minecraft:raw_copper":29,"minecraft:dirt":6,"minecraft:wheat_seeds":2,"minecraft:beef":2,"minecraft:oak_sapling":1,"minecraft:cobblestone":772},"minecraft:custom":{"minecraft:time_since_rest":22884,"minecraft:interact_with_furnace":2,"minecraft:sprint_one_cm":79309,"minecraft:damage_taken":685,"minecraft:walk_one_cm":56812,"minecraft:mob_kills":7,"minecraft:drop":4,"minecraft:damage_dealt":2116,"minecraft:swim_one_cm":19380,"minecraft:interact_with_crafting_table":5,"minecraft:fly_one_cm":85173,"minecraft:open_chest":2,"minecraft:crouch_one_cm":3773,"minecraft:play_time":31695,"minecraft:deaths":2,"minecraft:sneak_time":1514,"minecraft:walk_under_water_one_cm":4060,"minecraft:jump":481,"minecraft:leave_game":3,"minecraft:walk_on_water_one_cm":6633,"minecraft:time_since_death":23057,"minecraft:total_world_time":31695,"minecraft:fall_one_cm":15406},"minecraft:crafted":{"minecraft:oak_planks":68,"vanillaplustools:stone_hammer":1,"minecraft:crafting_table":2,"minecraft:stick":24,"minecraft:wooden_pickaxe":1,"minecraft:stone_pickaxe":9,"minecraft:stone_sword":1,"minecraft:birch_planks":24,"minecraft:stone_axe":1},"minecraft:killed":{"luminousworld:crab":1,"minecraft:bee":1,"minecraft:salmon":1,"alexsmobs:seagull":3,"minecraft:cow":1}},"DataVersion":3465}