{"stats":{"minecraft:used":{"minecraft:stone_sword":12,"minecraft:birch_planks":19,"minecraft:stone_pickaxe":72,"minecraft:wooden_pickaxe":11,"vanillaplustools:stone_hammer":131,"minecraft:salmon":1,"minecraft:dirt":2,"minecraft:sand":3,"minecraft:crafting_table":3,"minecraft:golden_sword":27,"minecraft:cobblestone":49,"minecraft:beef":2,"minecraft:oak_sapling":1,"tombstone:gift":1,"alexsmobs:animal_dictionary":5,"minecraft:cooked_beef":1},"minecraft:mined":{"minecraft:granite":45,"minecraft:grass_block":3,"minecraft:copper_ore":7,"minecraft:cobblestone":7,"luminousworld:blackberrybush":2,"minecraft:lapis_ore":2,"minecraft:diorite":2,"minecraft:birch_log":7,"minecraft:iron_ore":20,"minecraft:birch_leaves":1,"minecraft:andesite":67,"minecraft:grass":2,"minecraft:oak_log":18,"minecraft:coal_ore":11,"minecraft:sand":3,"minecraft:gravel":1,"minecraft:dirt":22,"minecraft:stone":980,"minecraft:oak_leaves":4,"minecraft:fern":1},"minecraft:dropped":{"minecraft:gravel":1,"naturalist:antler":1,"minecraft:wheat_seeds":2,"minecraft:feather":5,"minecraft:cobblestone":455,"minecraft:leather":1,"minecraft:granite":43,"minecraft:diorite":2,"minecraft:andesite":2,"minecraft:golden_sword":2,"minecraft:wooden_pickaxe":2},"minecraft:picked_up":{"minecraft:birch_log":6,"minecraft:feather":8,"minecraft:cooked_beef":1,"naturalist:venison":1,"minecraft:salmon":1,"minecraft:andesite":66,"minecraft:leather":1,"minecraft:wooden_pickaxe":1,"minecraft:oak_log":17,"minecraft:golden_sword":1,"minecraft:lapis_lazuli":13,"minecraft:dirt":28,"minecraft:raw_copper":29,"minecraft:wheat_seeds":2,"minecraft:beef":2,"ecologics:crab_claw":1,"minecraft:raw_iron":18,"ecologics:coconut_slice":2,"minecraft:gravel":1,"minecraft:sand":3,"minecraft:diorite":2,"naturalist:antler":2,"minecraft:granite":43,"minecraft:oak_sapling":1,"minecraft:coal":11,"minecraft:cobblestone":923},"minecraft:broken":{"vanillaplustools:stone_hammer":1},"minecraft:custom":{"minecraft:interact_with_furnace":2,"minecraft:mob_kills":9,"minecraft:interact_with_crafting_table":6,"minecraft:leave_game":3,"minecraft:time_since_death":35057,"minecraft:time_since_rest":34884,"minecraft:sprint_one_cm":102457,"minecraft:damage_taken":731,"minecraft:walk_one_cm":68220,"minecraft:drop":21,"minecraft:damage_dealt":2422,"minecraft:swim_one_cm":20456,"minecraft:fly_one_cm":103069,"minecraft:open_chest":2,"minecraft:crouch_one_cm":4698,"minecraft:play_time":43695,"minecraft:deaths":2,"minecraft:sneak_time":1873,"minecraft:walk_under_water_one_cm":4249,"minecraft:jump":641,"minecraft:walk_on_water_one_cm":7324,"minecraft:total_world_time":43695,"minecraft:fall_one_cm":17527},"minecraft:killed":{"minecraft:salmon":1,"alexsmobs:seagull":3,"luminousworld:crab":1,"naturalist:deer":1,"minecraft:bee":1,"ecologics:coconut_crab":1,"minecraft:cow":1},"minecraft:crafted":{"minecraft:oak_planks":68,"vanillaplustools:stone_hammer":1,"minecraft:crafting_table":3,"minecraft:wooden_pickaxe":1,"minecraft:birch_planks":24,"minecraft:stone_axe":1,"minecraft:stick":28,"minecraft:stone_pickaxe":10,"minecraft:stone_sword":1}},"DataVersion":3465}