{"stats":{"minecraft:used":{"minecraft:stone_sword":35,"minecraft:flint_and_steel":12,"minecraft:spruce_planks":7,"minecraft:shield":3,"vanillaplustools:stone_hammer":171,"minecraft:torch":45,"minecraft:dirt":9,"minecraft:granite":1,"minecraft:spruce_boat":1,"minecraft:iron_axe":94,"minecraft:furnace":2,"minecraft:cooked_beef":2,"minecraft:cooked_mutton":6,"minecraft:diorite":1,"minecraft:stone_pickaxe":262,"minecraft:wooden_pickaxe":21,"minecraft:sand":20,"minecraft:crafting_table":10,"minecraft:white_bed":3,"minecraft:apple":1,"minecraft:bread":8,"minecraft:brown_wool":1,"minecraft:stone_axe":17,"minecraft:cobblestone":114,"minecraft:cooked_porkchop":2,"alexsmobs:animal_dictionary":2,"iceandfire:silver_shovel":42,"minecraft:golden_pickaxe":96},"minecraft:mined":{"minecraft:white_bed":5,"iceandfire:silver_ore":6,"minecraft:granite":56,"minecraft:grass_block":9,"minecraft:coal_block":3,"minecraft:spruce_leaves":3,"minecraft:chiseled_stone_bricks":2,"minecraft:hay_block":11,"luminousworld:sunset_petunias":1,"minecraft:furnace":2,"minecraft:iron_ore":23,"minecraft:fire":4,"minecraft:andesite":36,"minecraft:mossy_stone_brick_stairs":2,"minecraft:stone":1389,"minecraft:crafting_table":8,"minecraft:torch":1,"minecraft:copper_ore":8,"minecraft:cobblestone":6,"minecraft:diorite":1,"minecraft:wall_torch":5,"minecraft:birch_log":5,"minecraft:spruce_log":32,"minecraft:stone_brick_stairs":2,"minecraft:grass":1,"minecraft:coal_ore":139,"minecraft:oak_log":35,"luminousworld:ishstone":15,"minecraft:dirt":8,"minecraft:sand":42,"minecraft:cracked_stone_bricks":6,"minecraft:stone_bricks":5,"minecraft:mossy_stone_bricks":3,"minecraft:oak_leaves":23},"minecraft:dropped":{"minecraft:bread":20,"luminousworld:sunset_petunias":1,"minecraft:cooked_beef":1,"luminousworld:ishstone":14,"minecraft:crafting_table":1,"minecraft:cobblestone":320,"minecraft:granite":55,"minecraft:cracked_stone_bricks":6,"minecraft:stick":7,"sophisticatedbackpacks:gold_backpack":1,"minecraft:dirt":10,"minecraft:gray_wool":2,"iceandfire:silver_sword":1,"minecraft:sand":17,"minecraft:string":5,"minecraft:white_wool":2,"minecraft:stone_axe":1,"minecraft:iron_nugget":4,"minecraft:stone_sword":1,"minecraft:raw_copper":26,"minecraft:wheat":2,"minecraft:rotten_flesh":2,"minecraft:light_gray_wool":1,"minecraft:oak_planks":3,"minecraft:flint_and_steel":1,"minecraft:chiseled_stone_bricks":2,"minecraft:andesite":36,"minecraft:leather_boots":2,"minecraft:oak_sapling":1,"minecraft:stone_bricks":5,"minecraft:stone_pickaxe":3,"minecraft:wooden_pickaxe":1},"minecraft:picked_up":{"sophisticatedbackpacks:gold_backpack":2,"minecraft:crafting_table":9,"minecraft:wheat":1,"minecraft:raw_copper":26,"minecraft:cracked_stone_bricks":6,"minecraft:beef":5,"minecraft:iron_nugget":2,"minecraft:light_gray_wool":1,"minecraft:coal_block":3,"minecraft:furnace":2,"minecraft:raw_iron":23,"minecraft:torch":9,"minecraft:porkchop":3,"minecraft:diorite":1,"minecraft:rotten_flesh":2,"minecraft:hay_block":10,"minecraft:mutton":6,"minecraft:cobblestone":1420,"minecraft:white_wool":2,"minecraft:birch_log":6,"minecraft:andesite":36,"luminousworld:ishstone":14,"minecraft:brown_wool":1,"minecraft:leather":4,"minecraft:oak_log":34,"minecraft:dirt":19,"minecraft:leather_boots":1,"minecraft:apple":1,"minecraft:stone_bricks":5,"minecraft:stone_pickaxe":3,"minecraft:oak_planks":2,"minecraft:chiseled_stone_bricks":2,"luminousworld:sunset_petunias":1,"minecraft:sand":37,"minecraft:white_bed":5,"minecraft:spruce_log":32,"minecraft:granite":56,"minecraft:emerald":1,"minecraft:gray_wool":2,"minecraft:bread":1,"minecraft:oak_sapling":1,"minecraft:coal":167,"iceandfire:raw_silver":6},"minecraft:broken":{"minecraft:stone_pickaxe":2,"vanillaplustools:stone_hammer":1,"minecraft:golden_pickaxe":1},"minecraft:custom":{"minecraft:mob_kills":12,"minecraft:interact_with_crafting_table":25,"minecraft:leave_game":1,"minecraft:time_since_death":67936,"minecraft:climb_one_cm":1035,"minecraft:sprint_one_cm":176261,"minecraft:walk_one_cm":178051,"minecraft:damage_blocked_by_shield":164,"minecraft:drop":75,"minecraft:damage_dealt_absorbed":120,"minecraft:talked_to_villager":3,"minecraft:play_time":67936,"minecraft:sneak_time":1073,"minecraft:walk_under_water_one_cm":2712,"minecraft:boat_one_cm":186059,"minecraft:jump":1248,"minecraft:interact_with_blast_furnace":1,"minecraft:walk_on_water_one_cm":6733,"minecraft:total_world_time":67936,"minecraft:interact_with_furnace":31,"tombstone:raider_killed":1,"minecraft:sleep_in_bed":2,"minecraft:time_since_rest":8886,"minecraft:damage_taken":754,"minecraft:damage_dealt":2506,"minecraft:swim_one_cm":5972,"minecraft:fly_one_cm":207187,"minecraft:open_chest":5,"minecraft:crouch_one_cm":2158,"minecraft:fall_one_cm":27612},"minecraft:killed":{"luminousworld:swallowtail":1,"minecraft:pig":2,"minecraft:sheep":4,"naturalist:alligator":1,"minecraft:pillager":1,"minecraft:cow":3},"minecraft:crafted":{"minecraft:oak_planks":136,"vanillaplustools:stone_hammer":2,"minecraft:leather_boots":1,"iceandfire:silver_shovel":1,"minecraft:furnace":1,"minecraft:cooked_mutton":6,"minecraft:iron_boots":1,"minecraft:iron_axe":1,"minecraft:stone_pickaxe":20,"minecraft:spruce_boat":1,"minecraft:dark_oak_planks":8,"minecraft:wheat":90,"minecraft:cooked_beef":5,"minecraft:cooked_porkchop":2,"iceandfire:silver_ingot":3,"minecraft:crafting_table":2,"minecraft:spruce_planks":128,"minecraft:wooden_pickaxe":1,"minecraft:iron_helmet":1,"minecraft:birch_planks":24,"minecraft:stone_axe":1,"minecraft:bread":32,"minecraft:air":0,"minecraft:iron_chestplate":1,"minecraft:shield":1,"minecraft:stick":184,"minecraft:iron_ingot":33,"minecraft:stone_sword":1,"minecraft:iron_leggings":1,"minecraft:torch":76,"iceandfire:silver_sword":1}},"DataVersion":3465}