{"stats":{"minecraft:used":{"minecraft:cooked_mutton":1,"minecraft:stone_sword":35,"minecraft:stone_pickaxe":184,"minecraft:wooden_pickaxe":21,"vanillaplustools:stone_hammer":8,"minecraft:dirt":6,"minecraft:crafting_table":4,"minecraft:apple":1,"minecraft:brown_wool":1,"minecraft:stone_axe":3,"minecraft:cobblestone":29,"minecraft:furnace":1,"minecraft:cooked_porkchop":2,"alexsmobs:animal_dictionary":2,"minecraft:golden_pickaxe":38},"minecraft:mined":{"minecraft:crafting_table":3,"minecraft:grass_block":6,"minecraft:birch_log":5,"minecraft:iron_ore":1,"minecraft:andesite":17,"minecraft:oak_log":11,"minecraft:coal_ore":24,"minecraft:dirt":3,"minecraft:stone":273,"minecraft:oak_leaves":16},"minecraft:dropped":{"minecraft:iron_nugget":2,"minecraft:cooked_beef":1,"minecraft:crafting_table":1,"minecraft:oak_planks":2,"minecraft:dirt":5,"minecraft:gray_wool":2,"minecraft:andesite":2,"minecraft:oak_sapling":1,"minecraft:wooden_pickaxe":1,"minecraft:stone_pickaxe":2,"minecraft:white_wool":1},"minecraft:picked_up":{"minecraft:birch_log":6,"minecraft:crafting_table":4,"minecraft:andesite":20,"minecraft:leather":4,"minecraft:brown_wool":1,"minecraft:oak_log":11,"minecraft:dirt":11,"minecraft:apple":1,"minecraft:beef":5,"minecraft:stone_pickaxe":2,"minecraft:iron_nugget":2,"minecraft:oak_planks":2,"minecraft:raw_iron":1,"minecraft:porkchop":2,"minecraft:gray_wool":2,"minecraft:oak_sapling":1,"minecraft:mutton":5,"minecraft:coal":38,"minecraft:white_wool":2,"minecraft:cobblestone":315},"minecraft:custom":{"minecraft:interact_with_furnace":15,"minecraft:mob_kills":8,"minecraft:interact_with_crafting_table":10,"minecraft:leave_game":1,"minecraft:time_since_death":20135,"minecraft:time_since_rest":20135,"minecraft:sprint_one_cm":39954,"minecraft:damage_taken":180,"minecraft:walk_one_cm":58277,"minecraft:drop":20,"minecraft:damage_dealt":802,"minecraft:fly_one_cm":29887,"minecraft:open_chest":1,"minecraft:crouch_one_cm":1479,"minecraft:play_time":20135,"minecraft:sneak_time":661,"minecraft:jump":216,"minecraft:walk_on_water_one_cm":393,"minecraft:total_world_time":20135,"minecraft:fall_one_cm":4815},"minecraft:broken":{"minecraft:stone_pickaxe":1},"minecraft:killed":{"minecraft:pig":1,"luminousworld:swallowtail":1,"minecraft:sheep":3,"minecraft:cow":3},"minecraft:crafted":{"minecraft:cooked_beef":5,"minecraft:oak_planks":44,"vanillaplustools:stone_hammer":1,"minecraft:cooked_porkchop":2,"minecraft:leather_boots":1,"minecraft:crafting_table":2,"minecraft:wooden_pickaxe":1,"minecraft:furnace":1,"minecraft:birch_planks":24,"minecraft:stone_axe":1,"minecraft:cooked_mutton":5,"minecraft:air":0,"minecraft:stick":40,"minecraft:iron_ingot":2,"minecraft:stone_pickaxe":11,"minecraft:stone_sword":1,"minecraft:torch":32}},"DataVersion":3465}