{"stats":{"minecraft:used":{"minecraft:cooked_mutton":2,"minecraft:stone_sword":35,"minecraft:stone_pickaxe":262,"minecraft:wooden_pickaxe":21,"vanillaplustools:stone_hammer":19,"minecraft:torch":15,"minecraft:dirt":6,"minecraft:crafting_table":5,"minecraft:apple":1,"minecraft:iron_axe":55,"minecraft:brown_wool":1,"minecraft:stone_axe":17,"minecraft:cobblestone":39,"minecraft:furnace":1,"minecraft:cooked_porkchop":2,"alexsmobs:animal_dictionary":2,"minecraft:golden_pickaxe":96},"minecraft:mined":{"minecraft:crafting_table":5,"minecraft:grass_block":6,"minecraft:cobblestone":5,"minecraft:spruce_leaves":3,"minecraft:wall_torch":1,"minecraft:furnace":1,"minecraft:birch_log":5,"minecraft:iron_ore":14,"minecraft:spruce_log":32,"minecraft:andesite":25,"minecraft:oak_log":35,"minecraft:coal_ore":75,"minecraft:dirt":3,"minecraft:stone":407,"minecraft:oak_leaves":23},"minecraft:dropped":{"minecraft:stone_axe":1,"minecraft:iron_nugget":4,"minecraft:cooked_beef":1,"minecraft:stone_sword":1,"minecraft:crafting_table":1,"minecraft:oak_planks":2,"minecraft:dirt":5,"minecraft:gray_wool":2,"minecraft:andesite":2,"minecraft:leather_boots":2,"minecraft:oak_sapling":1,"minecraft:wooden_pickaxe":1,"minecraft:stone_pickaxe":3,"minecraft:white_wool":1},"minecraft:picked_up":{"minecraft:birch_log":6,"minecraft:crafting_table":6,"minecraft:andesite":28,"minecraft:leather":4,"minecraft:brown_wool":1,"minecraft:oak_log":34,"minecraft:dirt":11,"minecraft:leather_boots":1,"minecraft:apple":1,"minecraft:beef":5,"minecraft:stone_pickaxe":3,"minecraft:iron_nugget":2,"minecraft:light_gray_wool":1,"minecraft:oak_planks":2,"minecraft:furnace":1,"minecraft:raw_iron":18,"minecraft:torch":1,"minecraft:porkchop":2,"minecraft:spruce_log":32,"minecraft:gray_wool":2,"minecraft:oak_sapling":1,"minecraft:mutton":6,"minecraft:coal":104,"minecraft:white_wool":2,"minecraft:cobblestone":457},"minecraft:custom":{"minecraft:interact_with_furnace":22,"minecraft:mob_kills":9,"minecraft:interact_with_crafting_table":13,"minecraft:leave_game":1,"minecraft:time_since_death":31936,"minecraft:time_since_rest":31936,"minecraft:sprint_one_cm":78162,"minecraft:damage_taken":180,"minecraft:walk_one_cm":90880,"minecraft:drop":27,"minecraft:damage_dealt":882,"minecraft:fly_one_cm":55101,"minecraft:open_chest":1,"minecraft:crouch_one_cm":1750,"minecraft:play_time":31936,"minecraft:sneak_time":783,"minecraft:jump":474,"minecraft:walk_on_water_one_cm":393,"minecraft:total_world_time":31936,"minecraft:fall_one_cm":7505},"minecraft:broken":{"minecraft:stone_pickaxe":2,"minecraft:golden_pickaxe":1},"minecraft:killed":{"minecraft:pig":1,"luminousworld:swallowtail":1,"minecraft:sheep":4,"minecraft:cow":3},"minecraft:crafted":{"minecraft:cooked_beef":5,"minecraft:oak_planks":44,"vanillaplustools:stone_hammer":1,"minecraft:cooked_porkchop":2,"minecraft:leather_boots":1,"minecraft:crafting_table":2,"minecraft:spruce_planks":52,"minecraft:wooden_pickaxe":1,"minecraft:iron_helmet":1,"minecraft:furnace":1,"minecraft:birch_planks":24,"minecraft:stone_axe":1,"minecraft:cooked_mutton":5,"minecraft:air":0,"minecraft:iron_boots":1,"minecraft:iron_chestplate":1,"minecraft:shield":1,"minecraft:iron_axe":1,"minecraft:stick":112,"minecraft:iron_ingot":28,"minecraft:stone_pickaxe":11,"minecraft:stone_sword":1,"minecraft:iron_leggings":1,"minecraft:torch":32}},"DataVersion":3465}