{"stats":{"minecraft:used":{"minecraft:cooked_mutton":6,"minecraft:stone_sword":35,"minecraft:flint_and_steel":12,"minecraft:stone_pickaxe":262,"minecraft:spruce_planks":7,"minecraft:shield":3,"minecraft:wooden_pickaxe":21,"vanillaplustools:stone_hammer":139,"minecraft:torch":41,"minecraft:sand":20,"minecraft:dirt":9,"minecraft:crafting_table":10,"minecraft:granite":1,"minecraft:spruce_boat":1,"minecraft:apple":1,"minecraft:bread":4,"minecraft:iron_axe":93,"minecraft:brown_wool":1,"minecraft:stone_axe":17,"minecraft:cobblestone":45,"minecraft:furnace":2,"minecraft:cooked_porkchop":2,"alexsmobs:animal_dictionary":2,"iceandfire:silver_shovel":17,"minecraft:cooked_beef":1,"minecraft:golden_pickaxe":96},"minecraft:mined":{"minecraft:white_bed":2,"iceandfire:silver_ore":4,"minecraft:crafting_table":8,"minecraft:granite":56,"minecraft:grass_block":9,"minecraft:coal_block":3,"minecraft:copper_ore":8,"minecraft:cobblestone":5,"minecraft:spruce_leaves":3,"minecraft:wall_torch":4,"minecraft:hay_block":11,"luminousworld:sunset_petunias":1,"minecraft:furnace":2,"minecraft:fire":4,"minecraft:birch_log":5,"minecraft:iron_ore":19,"minecraft:spruce_log":32,"minecraft:andesite":36,"minecraft:oak_log":35,"minecraft:coal_ore":139,"luminousworld:ishstone":9,"minecraft:sand":20,"minecraft:dirt":8,"minecraft:stone_bricks":3,"minecraft:stone":1277,"minecraft:oak_leaves":23},"minecraft:dropped":{"minecraft:bread":20,"minecraft:stone_axe":1,"luminousworld:sunset_petunias":1,"minecraft:iron_nugget":4,"minecraft:cooked_beef":1,"minecraft:stone_sword":1,"minecraft:raw_copper":26,"minecraft:crafting_table":1,"minecraft:wheat":2,"minecraft:cobblestone":320,"minecraft:light_gray_wool":1,"minecraft:oak_planks":3,"minecraft:granite":55,"minecraft:flint_and_steel":1,"minecraft:stick":7,"sophisticatedbackpacks:gold_backpack":1,"minecraft:dirt":10,"minecraft:gray_wool":2,"iceandfire:silver_sword":1,"minecraft:andesite":36,"minecraft:leather_boots":2,"minecraft:oak_sapling":1,"minecraft:wooden_pickaxe":1,"minecraft:stone_pickaxe":3,"minecraft:white_wool":2},"minecraft:picked_up":{"minecraft:birch_log":6,"sophisticatedbackpacks:gold_backpack":2,"minecraft:crafting_table":9,"minecraft:wheat":1,"luminousworld:ishstone":9,"minecraft:andesite":36,"minecraft:leather":4,"minecraft:brown_wool":1,"minecraft:oak_log":34,"minecraft:dirt":19,"minecraft:raw_copper":26,"minecraft:leather_boots":1,"minecraft:apple":1,"minecraft:stone_bricks":3,"minecraft:beef":5,"minecraft:stone_pickaxe":3,"minecraft:iron_nugget":2,"minecraft:light_gray_wool":1,"minecraft:coal_block":3,"minecraft:oak_planks":2,"minecraft:furnace":2,"minecraft:raw_iron":23,"minecraft:torch":7,"luminousworld:sunset_petunias":1,"minecraft:porkchop":2,"minecraft:sand":20,"minecraft:white_bed":2,"minecraft:spruce_log":32,"minecraft:hay_block":10,"minecraft:granite":56,"minecraft:bread":1,"minecraft:gray_wool":2,"minecraft:emerald":1,"minecraft:oak_sapling":1,"minecraft:mutton":6,"minecraft:coal":167,"iceandfire:raw_silver":4,"minecraft:white_wool":2,"minecraft:cobblestone":1311},"minecraft:custom":{"minecraft:interact_with_furnace":31,"minecraft:mob_kills":10,"tombstone:raider_killed":1,"minecraft:interact_with_crafting_table":25,"minecraft:leave_game":1,"minecraft:time_since_death":55936,"minecraft:time_since_rest":55936,"minecraft:sprint_one_cm":148485,"minecraft:damage_taken":566,"minecraft:walk_one_cm":148341,"minecraft:damage_blocked_by_shield":164,"minecraft:drop":67,"minecraft:damage_dealt":2060,"minecraft:talked_to_villager":3,"minecraft:damage_dealt_absorbed":120,"minecraft:fly_one_cm":160692,"minecraft:open_chest":3,"minecraft:crouch_one_cm":1993,"minecraft:play_time":55936,"minecraft:sneak_time":942,"minecraft:boat_one_cm":57555,"minecraft:jump":930,"minecraft:interact_with_blast_furnace":1,"minecraft:walk_on_water_one_cm":2519,"minecraft:total_world_time":55936,"minecraft:fall_one_cm":18541},"minecraft:broken":{"minecraft:stone_pickaxe":2,"vanillaplustools:stone_hammer":1,"minecraft:golden_pickaxe":1},"minecraft:killed":{"minecraft:pig":1,"luminousworld:swallowtail":1,"minecraft:sheep":4,"minecraft:pillager":1,"minecraft:cow":3},"minecraft:crafted":{"minecraft:cooked_beef":5,"minecraft:oak_planks":136,"vanillaplustools:stone_hammer":2,"iceandfire:silver_ingot":3,"minecraft:cooked_porkchop":2,"minecraft:leather_boots":1,"minecraft:crafting_table":2,"minecraft:spruce_planks":128,"minecraft:wooden_pickaxe":1,"minecraft:iron_helmet":1,"iceandfire:silver_shovel":1,"minecraft:furnace":1,"minecraft:birch_planks":24,"minecraft:stone_axe":1,"minecraft:bread":32,"minecraft:cooked_mutton":6,"minecraft:air":0,"minecraft:iron_boots":1,"minecraft:iron_chestplate":1,"minecraft:shield":1,"minecraft:iron_axe":1,"minecraft:stick":184,"minecraft:iron_ingot":33,"minecraft:stone_pickaxe":20,"minecraft:stone_sword":1,"minecraft:iron_leggings":1,"minecraft:spruce_boat":1,"minecraft:dark_oak_planks":8,"minecraft:torch":76,"iceandfire:silver_sword":1,"minecraft:wheat":90}},"DataVersion":3465}