{"stats":{"minecraft:used":{"minecraft:stone_sword":35,"minecraft:flint_and_steel":12,"minecraft:spruce_planks":7,"minecraft:shield":3,"vanillaplustools:stone_hammer":196,"minecraft:torch":48,"minecraft:dirt":20,"minecraft:granite":1,"minecraft:spruce_boat":1,"minecraft:iron_axe":100,"minecraft:furnace":3,"minecraft:cooked_beef":4,"minecraft:cooked_mutton":6,"minecraft:diorite":1,"minecraft:stone_pickaxe":262,"minecraft:wooden_pickaxe":21,"minecraft:sand":20,"minecraft:crafting_table":10,"minecraft:white_bed":4,"minecraft:apple":1,"minecraft:bread":8,"minecraft:brown_wool":1,"minecraft:stone_axe":17,"minecraft:cobblestone":114,"minecraft:cooked_porkchop":2,"alexsmobs:animal_dictionary":2,"iceandfire:silver_shovel":68,"minecraft:golden_pickaxe":96},"minecraft:mined":{"minecraft:white_bed":6,"iceandfire:silver_ore":6,"minecraft:granite":56,"minecraft:grass_block":12,"luminousworld:grassvariant_2":1,"minecraft:coal_block":3,"minecraft:spruce_leaves":3,"minecraft:sandstone":13,"minecraft:chiseled_stone_bricks":2,"minecraft:hay_block":11,"luminousworld:sunset_petunias":1,"minecraft:furnace":2,"minecraft:iron_ore":23,"minecraft:fire":4,"minecraft:andesite":36,"minecraft:mossy_stone_brick_stairs":2,"minecraft:vine":1,"minecraft:stone":1531,"minecraft:crafting_table":8,"minecraft:torch":1,"minecraft:copper_ore":13,"minecraft:cobblestone":6,"minecraft:diorite":30,"minecraft:wall_torch":6,"minecraft:birch_log":5,"minecraft:spruce_log":32,"minecraft:stone_brick_stairs":2,"minecraft:grass":1,"minecraft:coal_ore":139,"minecraft:oak_log":35,"luminousworld:ishstone":15,"minecraft:dirt":30,"minecraft:sand":42,"minecraft:cracked_stone_bricks":6,"minecraft:stone_bricks":5,"minecraft:mossy_stone_bricks":3,"minecraft:oak_leaves":23},"minecraft:dropped":{"minecraft:bread":20,"luminousworld:sunset_petunias":1,"minecraft:cooked_beef":1,"luminousworld:ishstone":14,"minecraft:crafting_table":1,"minecraft:cobblestone":320,"minecraft:granite":55,"minecraft:cracked_stone_bricks":6,"minecraft:stick":7,"sophisticatedbackpacks:gold_backpack":1,"minecraft:dirt":10,"minecraft:gray_wool":2,"iceandfire:silver_sword":1,"minecraft:sand":17,"minecraft:string":5,"minecraft:white_wool":2,"minecraft:stone_axe":1,"minecraft:iron_nugget":4,"minecraft:stone_sword":1,"minecraft:raw_copper":26,"minecraft:wheat":2,"minecraft:rotten_flesh":2,"minecraft:light_gray_wool":1,"minecraft:oak_planks":3,"minecraft:flint_and_steel":1,"minecraft:chiseled_stone_bricks":2,"minecraft:andesite":36,"minecraft:leather_boots":2,"minecraft:oak_sapling":1,"minecraft:stone_bricks":5,"minecraft:stone_pickaxe":3,"minecraft:wooden_pickaxe":1,"iceandfire:manuscript":1},"minecraft:picked_up":{"sophisticatedbackpacks:gold_backpack":2,"minecraft:crafting_table":9,"minecraft:wheat":1,"minecraft:raw_copper":48,"minecraft:cracked_stone_bricks":6,"minecraft:beef":10,"minecraft:iron_nugget":2,"minecraft:light_gray_wool":1,"minecraft:coal_block":3,"minecraft:furnace":2,"minecraft:raw_iron":23,"minecraft:sandstone":13,"minecraft:torch":10,"minecraft:porkchop":3,"minecraft:diorite":30,"minecraft:rotten_flesh":2,"minecraft:hay_block":10,"minecraft:mutton":6,"minecraft:cobblestone":1553,"minecraft:white_wool":2,"minecraft:birch_log":6,"minecraft:andesite":36,"luminousworld:ishstone":14,"minecraft:brown_wool":1,"minecraft:leather":4,"minecraft:oak_log":34,"minecraft:dirt":42,"minecraft:leather_boots":1,"minecraft:apple":1,"minecraft:stone_bricks":5,"minecraft:stone_pickaxe":3,"minecraft:oak_planks":2,"minecraft:chiseled_stone_bricks":2,"luminousworld:sunset_petunias":1,"minecraft:sand":37,"minecraft:white_bed":6,"minecraft:spruce_log":32,"minecraft:granite":56,"minecraft:emerald":1,"minecraft:gray_wool":2,"minecraft:bread":1,"minecraft:oak_sapling":2,"minecraft:coal":167,"iceandfire:raw_silver":6},"minecraft:broken":{"minecraft:stone_pickaxe":2,"vanillaplustools:stone_hammer":1,"minecraft:golden_pickaxe":1},"minecraft:custom":{"minecraft:mob_kills":16,"minecraft:interact_with_crafting_table":25,"minecraft:leave_game":1,"minecraft:time_since_death":73936,"minecraft:climb_one_cm":1839,"minecraft:sprint_one_cm":204979,"minecraft:walk_one_cm":193575,"minecraft:damage_blocked_by_shield":164,"minecraft:drop":76,"minecraft:damage_dealt_absorbed":120,"minecraft:talked_to_villager":3,"minecraft:play_time":73936,"minecraft:sneak_time":1086,"minecraft:walk_under_water_one_cm":3144,"minecraft:boat_one_cm":186059,"minecraft:jump":1479,"minecraft:interact_with_blast_furnace":1,"minecraft:walk_on_water_one_cm":8906,"minecraft:total_world_time":73936,"minecraft:interact_with_furnace":32,"tombstone:raider_killed":1,"minecraft:sleep_in_bed":2,"minecraft:time_since_rest":14886,"minecraft:damage_taken":980,"minecraft:damage_dealt":2866,"minecraft:swim_one_cm":8132,"minecraft:fly_one_cm":262116,"minecraft:open_chest":5,"minecraft:crouch_one_cm":2241,"minecraft:fall_one_cm":33866},"minecraft:killed":{"luminousworld:swallowtail":1,"earthmobsmod:albino_cow":3,"minecraft:pig":2,"minecraft:sheep":4,"naturalist:alligator":1,"minecraft:pillager":1,"naturalist:sparrow":1,"minecraft:cow":3},"minecraft:crafted":{"minecraft:oak_planks":136,"vanillaplustools:stone_hammer":2,"minecraft:leather_boots":1,"iceandfire:silver_shovel":1,"minecraft:furnace":1,"minecraft:cooked_mutton":6,"minecraft:iron_boots":1,"minecraft:iron_axe":1,"minecraft:stone_pickaxe":20,"minecraft:spruce_boat":1,"minecraft:dark_oak_planks":8,"minecraft:wheat":90,"minecraft:cooked_beef":5,"minecraft:cooked_porkchop":2,"iceandfire:silver_ingot":3,"minecraft:crafting_table":2,"minecraft:spruce_planks":128,"minecraft:wooden_pickaxe":1,"minecraft:iron_helmet":1,"minecraft:birch_planks":24,"minecraft:stone_axe":1,"minecraft:bread":32,"minecraft:air":0,"minecraft:iron_chestplate":1,"minecraft:shield":1,"minecraft:stick":184,"minecraft:iron_ingot":33,"minecraft:stone_sword":1,"minecraft:iron_leggings":1,"minecraft:torch":76,"iceandfire:silver_sword":1}},"DataVersion":3465}