{"stats":{"minecraft:used":{"minecraft:apple":1,"minecraft:stone_sword":35,"minecraft:stone_pickaxe":82,"minecraft:brown_wool":1,"minecraft:wooden_pickaxe":21,"minecraft:stone_axe":1,"minecraft:cobblestone":2,"minecraft:crafting_table":2,"alexsmobs:animal_dictionary":2},"minecraft:mined":{"minecraft:birch_log":5,"minecraft:andesite":17,"minecraft:crafting_table":1,"minecraft:grass_block":6,"minecraft:oak_log":11,"minecraft:dirt":3,"minecraft:stone":86,"minecraft:oak_leaves":16},"minecraft:dropped":{"minecraft:dirt":3,"minecraft:gray_wool":2,"minecraft:iron_nugget":2,"minecraft:oak_sapling":1,"minecraft:stone_pickaxe":1,"minecraft:wooden_pickaxe":1},"minecraft:picked_up":{"minecraft:birch_log":6,"minecraft:crafting_table":1,"minecraft:andesite":17,"minecraft:brown_wool":1,"minecraft:leather":4,"minecraft:porkchop":2,"minecraft:oak_log":11,"minecraft:dirt":9,"minecraft:apple":1,"minecraft:beef":5,"minecraft:stone_pickaxe":1,"minecraft:gray_wool":2,"minecraft:iron_nugget":2,"minecraft:oak_sapling":1,"minecraft:mutton":5,"minecraft:white_wool":1,"minecraft:cobblestone":85},"minecraft:custom":{"minecraft:time_since_rest":11311,"minecraft:sprint_one_cm":30459,"minecraft:damage_taken":180,"minecraft:walk_one_cm":30612,"minecraft:mob_kills":8,"minecraft:drop":10,"minecraft:damage_dealt":802,"minecraft:interact_with_crafting_table":4,"minecraft:fly_one_cm":28932,"minecraft:open_chest":1,"minecraft:crouch_one_cm":1290,"minecraft:play_time":11311,"minecraft:sneak_time":620,"minecraft:jump":204,"minecraft:time_since_death":11311,"minecraft:walk_on_water_one_cm":393,"minecraft:total_world_time":11311,"minecraft:fall_one_cm":4815},"minecraft:crafted":{"minecraft:oak_planks":44,"minecraft:crafting_table":2,"minecraft:stick":40,"minecraft:iron_ingot":1,"minecraft:wooden_pickaxe":1,"minecraft:stone_pickaxe":1,"minecraft:stone_sword":1,"minecraft:birch_planks":24,"minecraft:stone_axe":1},"minecraft:killed":{"minecraft:sheep":3,"minecraft:pig":1,"luminousworld:swallowtail":1,"minecraft:cow":3}},"DataVersion":3465}